filename,sha256,url
file_example_AVI_1280_1_5MG.avi,50a48a3e5ac93a164c62179ca85d6891eba738807ab29a266122586459f80c10,https://file-examples.com/storage/fea4ef07a863619cfa0b308/2018/04/file_example_AVI_1280_1_5MG.avi
file_example_MOV_1280_1_4MB.mov,2ff020aa426b7e49606dda50ef48812925f265e570456a09261932fff0d54c21,https://file-examples.com/storage/fea4ef07a863619cfa0b308/2018/04/file_example_MOV_1280_1_4MB.mov
file_example_MP4_1280_10MG.mp4,8ab080c1406dff77f8897955cf977e9ad779e40ab3a07bc2f8694fbd2fc2be21,https://file-examples.com/storage/fea4ef07a863619cfa0b308/2017/04/file_example_MP4_1280_10MG.mp4
file_example_OGG_1280_11_4mg.ogg,ee046e98aee47af6190167abd6cfe86448055767c61ec1150a87e5d60d78c713,https://file-examples.com/storage/fea4ef07a863619cfa0b308/2018/04/file_example_OGG_1280_11_4mg.ogg
file_example_WMV_1280_4_9MB.wmv,4dfff2fe1d6ca1838a9dbb4d81610178e93c64294083ee904247aacb1ed3edc9,https://file-examples.com/storage/fea4ef07a863619cfa0b308/2018/04/file_example_WMV_1280_4_9MB.wmv
file_example_WEBM_1280_3_6MB.webm,c1a8ec81bcf8641f4801e59948ef6e55cc4be8e15a909a417ebb40010119e0d3,https://file-examples.com/storage/fea4ef07a863619cfa0b308/2020/03/file_example_WEBM_1280_3_6MB.webm
file_example_MP3_5MG.mp3,d0a6bd57a07c74191bbffd988a6a9ddb6deccdcf09759240645ad57ae66804fe,https://file-examples.com/storage/fea4ef07a863619cfa0b308/2017/11/file_example_MP3_5MG.mp3
file_example_WAV_10MG.wav,ac271d37613028e991fc72097dc01fea527073483867a90cc3a7c0496ccd614e,https://file-examples.com/storage/fea4ef07a863619cfa0b308/2017/11/file_example_WAV_10MG.wav
file_example_OOG_5MG.ogg,a8cc3ad41bb226933313dca8fc0bf041825e71cbaa068ad1d2128cfff4504aa1,https://file-examples.com/storage/fea4ef07a863619cfa0b308/2017/11/file_example_OOG_5MG.ogg
file-sample_100kB.doc,45e07cf623e634b96b3e82aeaf7ecc74efd03a05808bf1eb69ceef8a9df7d135,https://file-examples.com/storage/fea4ef07a863619cfa0b308/2017/02/file-sample_100kB.doc
file-sample_100kB.docx,332794745f5622beb843399e988a12b2d388c97c92ff1860f847b4aeadc5e0a0,https://file-examples.com/storage/fea4ef07a863619cfa0b308/2017/02/file-sample_100kB.docx
file_example_XLS_1000.xls,4e8ff8935a5acd6ade242bdcfa33319a476668c2bc9dc49b8ba73fcc7e8bf73a,https://file-examples.com/storage/fea4ef07a863619cfa0b308/2017/02/file_example_XLS_1000.xls
file_example_XLSX_1000.xlsx,e865b9075f2c365ca34348753a828b45d265d64089eff36ee940e8450d6f9664,https://file-examples.com/storage/fea4ef07a863619cfa0b308/2017/02/file_example_XLSX_1000.xlsx
file_example_PPT_500kB.ppt,5883205ac9644abfcd128f1338723decb5ae59437a8becc4f13b090f31634bf7,https://file-examples.com/storage/fea4ef07a863619cfa0b308/2017/08/file_example_PPT_500kB.ppt
file-example_PDF_500_kB.pdf,e83014e71fc8e772b7689a3f1c8628a2ef2852a1a38e31bddaf823615570e709,https://file-examples.com/storage/fea4ef07a863619cfa0b308/2017/10/file-example_PDF_500_kB.pdf
file-sample_500kB.odt,762a561999bc497557a3195d751e602859d56677d1693dead9912d81614b2709,https://file-examples.com/storage/fea4ef07a863619cfa0b308/2017/10/file-sample_500kB.odt
file_example_ODS_1000.ods,a902b02c4373dad053343762dd1f6927db0a4c6355f7780363f53c0ba6c2e5f9,https://file-examples.com/storage/fea4ef07a863619cfa0b308/2017/10/file_example_ODS_1000.ods
file_example_ODP_500kB.odp,5f5bfaa15810e6c7c756268be60a1ba527684277e401b22b8ec65b6c4268a622,https://file-examples.com/storage/fea4ef07a863619cfa0b308/2017/10/file_example_ODP_500kB.odp
file-sample_1MB.rtf,dd629fca18a2e6def7633d594430c9eff85c45f6e79b1cf93e95c05a262ac95b,https://file-examples.com/storage/fea4ef07a863619cfa0b308/2019/09/file-sample_1MB.rtf
file_example_JPG_500kB.jpg,838e346997ab5f2dd6745e9e536de6f9cd68965088354597f2fba016ad40ab2c,https://file-examples.com/storage/fea4ef07a863619cfa0b308/2017/10/file_example_JPG_500kB.jpg
file_example_PNG_2100kB.png,6b28dfa3d3be99363402a6358103f545807cb6ce836a8ae2d3e066ef867513f7,https://file-examples.com/storage/fea4ef07a863619cfa0b308/2017/10/file_example_PNG_2100kB.png
file_example_GIF_1MB.gif,08cac1418c3361015211c716d4499655e780db8a1f4d7718dcd4cb882a3210f7,https://file-examples.com/storage/fea4ef07a863619cfa0b308/2017/10/file_example_GIF_1MB.gif
file_example_TIFF_5MB.tiff,6fbf6758bdd8032f06e15224db33233555b9ee829af2cbc5323ec6cf66273eae,https://file-examples.com/storage/fea4ef07a863619cfa0b308/2017/10/file_example_TIFF_5MB.tiff
file_example_favicon.ico,0e87d20f7bd4240aec7695eb6353f4d0bb0950ebbb03ca2615a5570125a79d81,https://file-examples.com/storage/fea4ef07a863619cfa0b308/2017/10/file_example_favicon.ico
file_example_SVG_30kB.svg,e86dccbee3d33e4330041e1db9387f404242e083dab612f3728d06c15865e918,https://file-examples.com/storage/fea4ef07a863619cfa0b308/2020/03/file_example_SVG_30kB.svg
file_example_WEBP_500kB.webp,b69f7bb2ff023c0a599220451c5168680c2f20144b21d0bf569f3f749d12bd3f,https://file-examples.com/storage/fea4ef07a863619cfa0b308/2020/03/file_example_WEBP_500kB.webp
file_example_JSON_1kb.json,aa20e971f6a0a7c482f3ed70cc6edc115eb577f987322ba42e5c3869e1d714d1,https://file-examples.com/storage/fea4ef07a863619cfa0b308/2017/02/file_example_JSON_1kb.json
file_example_CSV_5000.csv,1b3583796b56fe56fcf36cb854e42cffcb115476b3d797d54c90a105fd160c72,https://file-examples.com/storage/fea4ef07a863619cfa0b308/2017/02/file_example_CSV_5000.csv
zip_2MB.zip,b76f59616f3d7b74413c471f5860ae338be25fe0140ee4d59118c953be8c8003,https://file-examples.com/storage/fea4ef07a863619cfa0b308/2017/02/zip_2MB.zip
zip_5MB.zip,fef17553681b4ba81bcfff748309b576db52edce13948b1743b713987e419870,https://file-examples.com/storage/fea4ef07a863619cfa0b308/2017/02/zip_5MB.zip
zip_9MB.zip,df107229d29cbf18d5bd0c924de80bd22694e597acd869d9026e7b178d8a5a0e,https://file-examples.com/storage/fea4ef07a863619cfa0b308/2017/02/zip_9MB.zip
zip_10MB.zip,bcf57e96be2952e48d689c773bbbf3c73ddcdd34f77351af9c9e209e439b7b66,https://file-examples.com/storage/fea4ef07a863619cfa0b308/2017/02/zip_10MB.zip
file_example_XML_24kb.xml,1b7c71ab47d7bc73aa7173cd59f639fd0fd7c9c790ce89ed9f76700d50720a0e,https://file-examples.com/storage/fea4ef07a863619cfa0b308/2017/02/file_example_XML_24kb.xml
Title.html,9e19cef41076fa800c188e5a8fa79b8ac3d114decb9cac3569f9f2dee47724ac,https://file-examples.com/storage/fea4ef07a863619cfa0b308/2017/02/index.html
John Cena (The Time Is Now)(MyMp3Song.Com).mid,dff0dc902ba5bb7b73e0ff69029e316b36ad4dee8f1d307e29d5bbd86ca112bc,https://mega.nz/#!jwNBDDzZ!6VnzHy8nV6GGbTjpvRr34w6lTAeXSADEncS91JZSx6w
win32.asm,eee102b8fb36f538cccdbd50cf1312160d134cfc474bee4d067eedc2f9ca3054,https://raw.githubusercontent.com/speedyplane2247/goat/master/win-c/win32.asm
